xpoints,ypoints
267.432,-393.267
269.432,-393.267
269.432,-392.267
272.432,-392.267
272.432,-391.267
274.432,-391.267
274.432,-390.267
277.432,-390.267
277.432,-389.267
279.432,-389.267
279.432,-388.267
282.432,-388.267
282.432,-387.267
284.432,-387.267
284.432,-386.267
286.432,-386.267
286.432,-385.267
289.432,-385.267
289.432,-384.267
291.432,-384.267
291.432,-383.267
293.432,-383.267
293.432,-382.267
296.432,-382.267
296.432,-381.267
298.432,-381.267
298.432,-380.267
300.432,-380.267
300.432,-379.267
302.432,-379.267
302.432,-378.267
304.432,-378.267
304.432,-377.267
307.432,-377.267
307.432,-376.267
309.432,-376.267
309.432,-375.267
311.432,-375.267
311.432,-374.267
313.432,-374.267
313.432,-373.267
315.432,-373.267
315.432,-372.267
317.432,-372.267
317.432,-371.267
319.432,-371.267
319.432,-370.267
321.432,-370.267
321.432,-369.267
323.432,-369.267
323.432,-368.267
325.432,-368.267
325.432,-367.267
327.432,-367.267
327.432,-366.267
329.432,-366.267
329.432,-365.267
331.432,-365.267
331.432,-364.267
333.432,-364.267
333.432,-363.267
335.432,-363.267
335.432,-362.267
337.432,-362.267
337.432,-361.267
338.432,-361.267
338.432,-360.267
340.432,-360.267
340.432,-359.267
342.432,-359.267
342.432,-358.267
344.432,-358.267
344.432,-357.267
346.432,-357.267
346.432,-356.267
347.432,-356.267
347.432,-355.267
349.432,-355.267
349.432,-354.267
351.432,-354.267
351.432,-353.267
353.432,-353.267
353.432,-352.267
354.432,-352.267
354.432,-351.267
356.432,-351.267
356.432,-350.267
358.432,-350.267
358.432,-349.267
359.432,-349.267
359.432,-348.267
361.432,-348.267
361.432,-347.267
363.432,-347.267
363.432,-346.267
364.432,-346.267
364.432,-345.267
366.432,-345.267
366.432,-344.267
368.432,-344.267
368.432,-343.267
369.432,-343.267
369.432,-342.267
371.432,-342.267
371.432,-341.267
373.432,-341.267
373.432,-340.267
374.432,-340.267
374.432,-339.267
376.432,-339.267
376.432,-338.267
377.432,-338.267
377.432,-337.267
379.432,-337.267
379.432,-336.267
380.432,-336.267
380.432,-335.267
382.432,-335.267
382.432,-334.267
383.432,-334.267
383.432,-333.267
385.432,-333.267
385.432,-332.267
386.432,-332.267
386.432,-331.267
388.432,-331.267
388.432,-330.267
389.432,-330.267
389.432,-329.267
391.432,-329.267
391.432,-328.267
392.432,-328.267
392.432,-327.267
394.432,-327.267
394.432,-326.267
395.432,-326.267
395.432,-325.267
396.432,-325.267
396.432,-324.267
398.432,-324.267
398.432,-323.267
399.432,-323.267
399.432,-322.267
401.432,-322.267
401.432,-321.267
402.432,-321.267
402.432,-320.267
403.432,-320.267
403.432,-319.267
405.432,-319.267
405.432,-318.267
406.432,-318.267
406.432,-317.267
407.432,-317.267
407.432,-316.267
409.432,-316.267
409.432,-315.267
410.432,-315.267
410.432,-314.267
411.432,-314.267
411.432,-313.267
413.432,-313.267
413.432,-312.267
414.432,-312.267
414.432,-311.267
415.432,-311.267
415.432,-310.267
417.432,-310.267
417.432,-309.267
418.432,-309.267
418.432,-308.267
419.432,-308.267
419.432,-307.267
420.432,-307.267
420.432,-306.267
422.432,-306.267
422.432,-305.267
423.432,-305.267
423.432,-304.267
424.432,-304.267
424.432,-303.267
425.432,-303.267
425.432,-302.267
427.432,-302.267
427.432,-301.267
428.432,-301.267
428.432,-300.267
429.432,-300.267
429.432,-299.267
430.432,-299.267
430.432,-298.267
432.432,-298.267
432.432,-297.267
433.432,-297.267
433.432,-296.267
434.432,-296.267
434.432,-295.267
435.432,-295.267
435.432,-294.267
436.432,-294.267
436.432,-293.267
437.432,-293.267
437.432,-292.267
439.432,-292.267
439.432,-291.267
440.432,-291.267
440.432,-290.267
441.432,-290.267
441.432,-289.267
442.432,-289.267
442.432,-288.267
443.432,-288.267
443.432,-287.267
444.432,-287.267
444.432,-286.267
445.432,-286.267
445.432,-285.267
446.432,-285.267
446.432,-284.267
448.432,-284.267
448.432,-283.267
449.432,-283.267
449.432,-282.267
450.432,-282.267
450.432,-281.267
451.432,-281.267
451.432,-280.267
452.432,-280.267
452.432,-279.267
453.432,-279.267
453.432,-278.267
454.432,-278.267
454.432,-277.267
455.432,-277.267
455.432,-276.267
456.432,-276.267
456.432,-275.267
457.432,-275.267
457.432,-274.267
458.432,-274.267
458.432,-273.267
459.432,-273.267
459.432,-272.267
460.432,-272.267
460.432,-271.267
461.432,-271.267
461.432,-270.267
462.432,-270.267
462.432,-269.267
463.432,-269.267
463.432,-268.267
464.432,-268.267
464.432,-267.267
465.432,-267.267
465.432,-266.267
466.432,-266.267
466.432,-265.267
467.432,-265.267
467.432,-264.267
468.432,-264.267
468.432,-263.267
469.432,-263.267
469.432,-262.267
470.432,-262.267
470.432,-261.267
471.432,-261.267
471.432,-260.267
472.432,-260.267
472.432,-259.267
473.432,-259.267
473.432,-258.267
474.432,-258.267
474.432,-257.267
475.432,-257.267
475.432,-256.267
476.432,-256.267
476.432,-255.267
477.432,-255.267
477.432,-254.267
478.432,-254.267
478.432,-253.267
479.432,-253.267
479.432,-252.267
480.432,-252.267
480.432,-251.267
481.432,-251.267
481.432,-250.267
482.432,-250.267
482.432,-249.267
483.432,-249.267
483.432,-248.267
484.432,-248.267
484.432,-247.267
485.432,-247.267
485.432,-246.267
486.432,-246.267
486.432,-245.267
487.432,-245.267
487.432,-243.267
488.432,-243.267
488.432,-242.267
489.432,-242.267
489.432,-241.267
490.432,-241.267
490.432,-240.267
491.432,-240.267
491.432,-239.267
492.432,-239.267
492.432,-238.267
493.432,-238.267
493.432,-237.267
494.432,-237.267
494.432,-236.267
495.432,-236.267
495.432,-234.267
496.432,-234.267
496.432,-233.267
497.432,-233.267
497.432,-232.267
498.432,-232.267
498.432,-231.267
499.432,-231.267
499.432,-230.267
500.432,-230.267
500.432,-229.267
501.432,-229.267
501.432,-227.267
502.432,-227.267
502.432,-226.267
503.432,-226.267
503.432,-225.267
504.432,-225.267
504.432,-224.267
505.432,-224.267
505.432,-223.267
506.432,-223.267
506.432,-221.267
507.432,-221.267
507.432,-220.267
508.432,-220.267
508.432,-219.267
509.432,-219.267
509.432,-218.267
510.432,-218.267
510.432,-217.267
511.432,-217.267
511.432,-215.267
512.432,-215.267
512.432,-214.267
513.432,-214.267
513.432,-213.267
514.432,-213.267
514.432,-212.267
515.432,-212.267
515.432,-210.267
516.432,-210.267
516.432,-209.267
517.432,-209.267
517.432,-208.267
518.432,-208.267
518.432,-206.267
519.432,-206.267
519.432,-205.267
520.432,-205.267
520.432,-204.267
521.432,-204.267
521.432,-202.267
522.432,-202.267
522.432,-201.267
523.432,-201.267
523.432,-200.267
524.432,-200.267
524.432,-199.267
525.432,-199.267
525.432,-197.267
526.432,-197.267
526.432,-196.267
527.432,-196.267
527.432,-194.267
528.432,-194.267
528.432,-193.267
529.432,-193.267
529.432,-192.267
530.432,-192.267
530.432,-190.267
531.432,-190.267
531.432,-189.267
532.432,-189.267
532.432,-188.267
533.432,-188.267
533.432,-186.267
534.432,-186.267
534.432,-185.267
535.432,-185.267
535.432,-183.267
536.432,-183.267
536.432,-182.267
537.432,-182.267
537.432,-181.267
538.432,-181.267
538.432,-179.267
539.432,-179.267
539.432,-178.267
540.432,-178.267
540.432,-176.267
541.432,-176.267
541.432,-175.267
542.432,-175.267
542.432,-173.267
543.432,-173.267
543.432,-172.267
544.432,-172.267
544.432,-170.267
545.432,-170.267
545.432,-169.267
546.432,-169.267
546.432,-167.267
547.432,-167.267
547.432,-166.267
548.432,-166.267
548.432,-164.267
549.432,-164.267
549.432,-163.267
550.432,-163.267
550.432,-161.267
551.432,-161.267
551.432,-160.267
552.432,-160.267
552.432,-158.267
553.432,-158.267
553.432,-157.267
554.432,-157.267
554.432,-155.267
555.432,-155.267
555.432,-153.267
556.432,-153.267
556.432,-152.267
557.432,-152.267
557.432,-150.267
558.432,-150.267
558.432,-149.267
559.432,-149.267
559.432,-147.267
560.432,-147.267
560.432,-145.267
561.432,-145.267
561.432,-144.267
562.432,-144.267
562.432,-142.267
563.432,-142.267
563.432,-140.267
564.432,-140.267
564.432,-139.267
565.432,-139.267
565.432,-137.267
566.432,-137.267
566.432,-135.267
567.432,-135.267
567.432,-134.267
568.432,-134.267
568.432,-132.267
569.432,-132.267
569.432,-130.267
570.432,-130.267
570.432,-128.267
571.432,-128.267
571.432,-127.267
572.432,-127.267
572.432,-125.267
573.432,-125.267
573.432,-123.267
574.432,-123.267
574.432,-121.267
575.432,-121.267
575.432,-120.267
576.432,-120.267
576.432,-118.267
577.432,-118.267
577.432,-116.267
578.432,-116.267
578.432,-114.267
579.432,-114.267
579.432,-112.267
580.432,-112.267
580.432,-110.267
581.432,-110.267
581.432,-108.267
582.432,-108.267
582.432,-107.267
583.432,-107.267
583.432,-105.267
584.432,-105.267
584.432,-103.267
585.432,-103.267
585.432,-101.267
586.432,-101.267
586.432,-99.267
587.432,-99.267
587.432,-97.267
588.432,-97.267
588.432,-95.267
589.432,-95.267
589.432,-93.267
590.432,-93.267
590.432,-91.267
591.432,-91.267
591.432,-89.267
592.432,-89.267
592.432,-86.267
593.432,-86.267
593.432,-84.267
594.432,-84.267
594.432,-82.267
595.432,-82.267
595.432,-80.267
596.432,-80.267
596.432,-78.267
597.432,-78.267
597.432,-76.267
598.432,-76.267
598.432,-73.267
599.432,-73.267
599.432,-71.267
600.432,-71.267
600.432,-69.267
601.432,-69.267
601.432,-67.267
602.432,-67.267
602.432,-64.267
603.432,-64.267
603.432,-62.267
604.432,-62.267
604.432,-60.267
605.432,-60.267
605.432,-57.267
606.432,-57.267
606.432,-55.267
607.432,-55.267
607.432,-53.267
608.432,-53.267
608.432,-50.267
609.432,-50.267
609.432,-47.267
610.432,-47.267
610.432,-45.267
611.432,-45.267
611.432,-42.267
612.432,-42.267
612.432,-40.267
613.432,-40.267
613.432,-37.267
614.432,-37.267
614.432,-34.267
615.432,-34.267
615.432,-31.267
616.432,-31.267
616.432,-29.267
617.432,-29.267
617.432,-26.267
618.432,-26.267
618.432,-23.267
619.432,-23.267
619.432,-20.267
620.432,-20.267
620.432,-17.267
621.432,-17.267
621.432,-14.267
622.432,-14.267
622.432,-11.267
623.432,-11.267
623.432,-8.267
624.432,-8.267
624.432,-4.267
625.432,-4.267
625.432,-1.267
626.432,-1.267
626.432,1.733
627.432,1.733
627.432,5.733
628.432,5.733
628.432,9.733
629.432,9.733
629.432,13.733
630.432,13.733
630.432,17.733
631.432,17.733
631.432,21.733
632.432,21.733
632.432,25.733
633.432,25.733
633.432,29.733
634.432,29.733
634.432,34.733
635.432,34.733
635.432,39.733
636.432,39.733
636.432,44.733
637.432,44.733
637.432,50.733
638.432,50.733
638.432,57.733
639.432,57.733
639.432,64.733
640.432,64.733
640.432,73.733
641.432,73.733
641.432,84.733
642.432,84.733
642.432,124.733
643.432,124.733
643.432,158.733
644.432,158.733
644.432,213.733
643.432,213.733
643.432,226.733
642.432,226.733
642.432,233.733
641.432,233.733
641.432,239.733
640.432,239.733
640.432,244.733
639.432,244.733
639.432,248.733
638.432,248.733
638.432,252.733
637.432,252.733
637.432,255.733
636.432,255.733
636.432,258.733
635.432,258.733
635.432,261.733
634.432,261.733
634.432,263.733
633.432,263.733
633.432,265.733
632.432,265.733
632.432,268.733
631.432,268.733
631.432,270.733
630.432,270.733
630.432,272.733
629.432,272.733
629.432,273.733
628.432,273.733
628.432,275.733
627.432,275.733
627.432,277.733
626.432,277.733
626.432,278.733
625.432,278.733
625.432,280.733
624.432,280.733
624.432,281.733
623.432,281.733
623.432,283.733
622.432,283.733
622.432,284.733
621.432,284.733
621.432,285.733
620.432,285.733
620.432,286.733
619.432,286.733
619.432,288.733
617.432,288.733
617.432,287.733
611.432,287.733
611.432,286.733
596.432,286.733
596.432,269.733
597.432,269.733
597.432,261.733
598.432,261.733
598.432,253.733
599.432,253.733
599.432,243.733
600.432,243.733
600.432,231.733
601.432,231.733
601.432,214.733
602.432,214.733
602.432,161.733
601.432,161.733
601.432,144.733
600.432,144.733
600.432,133.733
599.432,133.733
599.432,124.733
598.432,124.733
598.432,116.733
597.432,116.733
597.432,109.733
596.432,109.733
596.432,102.733
595.432,102.733
595.432,96.733
594.432,96.733
594.432,90.733
593.432,90.733
593.432,85.733
592.432,85.733
592.432,80.733
591.432,80.733
591.432,75.733
590.432,75.733
590.432,71.733
589.432,71.733
589.432,67.733
588.432,67.733
588.432,62.733
587.432,62.733
587.432,58.733
586.432,58.733
586.432,54.733
585.432,54.733
585.432,51.733
584.432,51.733
584.432,47.733
583.432,47.733
583.432,43.733
582.432,43.733
582.432,40.733
581.432,40.733
581.432,37.733
580.432,37.733
580.432,33.733
579.432,33.733
579.432,30.733
578.432,30.733
578.432,27.733
577.432,27.733
577.432,24.733
576.432,24.733
576.432,21.733
575.432,21.733
575.432,18.733
574.432,18.733
574.432,15.733
573.432,15.733
573.432,12.733
572.432,12.733
572.432,9.733
571.432,9.733
571.432,7.733
570.432,7.733
570.432,4.733
569.432,4.733
569.432,1.733
568.432,1.733
568.432,-0.267
567.432,-0.267
567.432,-3.267
566.432,-3.267
566.432,-5.267
565.432,-5.267
565.432,-8.267
564.432,-8.267
564.432,-10.267
563.432,-10.267
563.432,-13.267
562.432,-13.267
562.432,-15.267
561.432,-15.267
561.432,-17.267
560.432,-17.267
560.432,-19.267
559.432,-19.267
559.432,-22.267
558.432,-22.267
558.432,-24.267
557.432,-24.267
557.432,-26.267
556.432,-26.267
556.432,-28.267
555.432,-28.267
555.432,-30.267
554.432,-30.267
554.432,-33.267
553.432,-33.267
553.432,-35.267
552.432,-35.267
552.432,-37.267
551.432,-37.267
551.432,-39.267
550.432,-39.267
550.432,-41.267
549.432,-41.267
549.432,-43.267
548.432,-43.267
548.432,-45.267
547.432,-45.267
547.432,-47.267
546.432,-47.267
546.432,-49.267
545.432,-49.267
545.432,-51.267
544.432,-51.267
544.432,-53.267
543.432,-53.267
543.432,-54.267
542.432,-54.267
542.432,-56.267
541.432,-56.267
541.432,-58.267
540.432,-58.267
540.432,-60.267
539.432,-60.267
539.432,-62.267
538.432,-62.267
538.432,-64.267
537.432,-64.267
537.432,-65.267
536.432,-65.267
536.432,-67.267
535.432,-67.267
535.432,-69.267
534.432,-69.267
534.432,-71.267
533.432,-71.267
533.432,-72.267
532.432,-72.267
532.432,-74.267
531.432,-74.267
531.432,-76.267
530.432,-76.267
530.432,-77.267
529.432,-77.267
529.432,-79.267
528.432,-79.267
528.432,-81.267
527.432,-81.267
527.432,-82.267
526.432,-82.267
526.432,-84.267
525.432,-84.267
525.432,-85.267
524.432,-85.267
524.432,-87.267
523.432,-87.267
523.432,-89.267
522.432,-89.267
522.432,-90.267
521.432,-90.267
521.432,-92.267
520.432,-92.267
520.432,-93.267
519.432,-93.267
519.432,-95.267
518.432,-95.267
518.432,-96.267
517.432,-96.267
517.432,-98.267
516.432,-98.267
516.432,-99.267
515.432,-99.267
515.432,-101.267
514.432,-101.267
514.432,-102.267
513.432,-102.267
513.432,-104.267
512.432,-104.267
512.432,-105.267
511.432,-105.267
511.432,-107.267
510.432,-107.267
510.432,-108.267
509.432,-108.267
509.432,-110.267
508.432,-110.267
508.432,-111.267
507.432,-111.267
507.432,-112.267
506.432,-112.267
506.432,-114.267
505.432,-114.267
505.432,-115.267
504.432,-115.267
504.432,-117.267
503.432,-117.267
503.432,-118.267
502.432,-118.267
502.432,-119.267
501.432,-119.267
501.432,-121.267
500.432,-121.267
500.432,-122.267
499.432,-122.267
499.432,-123.267
498.432,-123.267
498.432,-125.267
497.432,-125.267
497.432,-126.267
496.432,-126.267
496.432,-127.267
495.432,-127.267
495.432,-129.267
494.432,-129.267
494.432,-130.267
493.432,-130.267
493.432,-131.267
492.432,-131.267
492.432,-133.267
491.432,-133.267
491.432,-134.267
490.432,-134.267
490.432,-135.267
489.432,-135.267
489.432,-136.267
488.432,-136.267
488.432,-138.267
487.432,-138.267
487.432,-139.267
486.432,-139.267
486.432,-140.267
485.432,-140.267
485.432,-141.267
484.432,-141.267
484.432,-143.267
483.432,-143.267
483.432,-144.267
482.432,-144.267
482.432,-145.267
481.432,-145.267
481.432,-146.267
480.432,-146.267
480.432,-147.267
479.432,-147.267
479.432,-149.267
478.432,-149.267
478.432,-150.267
477.432,-150.267
477.432,-151.267
476.432,-151.267
476.432,-152.267
475.432,-152.267
475.432,-153.267
474.432,-153.267
474.432,-154.267
473.432,-154.267
473.432,-156.267
472.432,-156.267
472.432,-157.267
471.432,-157.267
471.432,-158.267
470.432,-158.267
470.432,-159.267
469.432,-159.267
469.432,-160.267
468.432,-160.267
468.432,-161.267
467.432,-161.267
467.432,-162.267
466.432,-162.267
466.432,-164.267
465.432,-164.267
465.432,-165.267
464.432,-165.267
464.432,-166.267
463.432,-166.267
463.432,-167.267
462.432,-167.267
462.432,-168.267
461.432,-168.267
461.432,-169.267
460.432,-169.267
460.432,-170.267
459.432,-170.267
459.432,-171.267
458.432,-171.267
458.432,-172.267
457.432,-172.267
457.432,-173.267
456.432,-173.267
456.432,-175.267
455.432,-175.267
455.432,-176.267
454.432,-176.267
454.432,-177.267
453.432,-177.267
453.432,-178.267
452.432,-178.267
452.432,-179.267
451.432,-179.267
451.432,-180.267
450.432,-180.267
450.432,-181.267
449.432,-181.267
449.432,-182.267
448.432,-182.267
448.432,-183.267
447.432,-183.267
447.432,-184.267
446.432,-184.267
446.432,-185.267
445.432,-185.267
445.432,-186.267
444.432,-186.267
444.432,-187.267
443.432,-187.267
443.432,-188.267
442.432,-188.267
442.432,-189.267
441.432,-189.267
441.432,-190.267
440.432,-190.267
440.432,-191.267
439.432,-191.267
439.432,-192.267
438.432,-192.267
438.432,-193.267
437.432,-193.267
437.432,-194.267
436.432,-194.267
436.432,-195.267
435.432,-195.267
435.432,-196.267
434.432,-196.267
434.432,-197.267
433.432,-197.267
433.432,-198.267
432.432,-198.267
432.432,-199.267
431.432,-199.267
431.432,-200.267
430.432,-200.267
430.432,-201.267
429.432,-201.267
429.432,-202.267
428.432,-202.267
428.432,-203.267
427.432,-203.267
427.432,-204.267
426.432,-204.267
426.432,-205.267
424.432,-205.267
424.432,-206.267
423.432,-206.267
423.432,-207.267
422.432,-207.267
422.432,-208.267
421.432,-208.267
421.432,-209.267
420.432,-209.267
420.432,-210.267
419.432,-210.267
419.432,-211.267
418.432,-211.267
418.432,-212.267
417.432,-212.267
417.432,-213.267
416.432,-213.267
416.432,-214.267
415.432,-214.267
415.432,-215.267
414.432,-215.267
414.432,-216.267
412.432,-216.267
412.432,-217.267
411.432,-217.267
411.432,-218.267
410.432,-218.267
410.432,-219.267
409.432,-219.267
409.432,-220.267
408.432,-220.267
408.432,-221.267
407.432,-221.267
407.432,-222.267
406.432,-222.267
406.432,-223.267
405.432,-223.267
405.432,-224.267
403.432,-224.267
403.432,-225.267
402.432,-225.267
402.432,-226.267
401.432,-226.267
401.432,-227.267
400.432,-227.267
400.432,-228.267
399.432,-228.267
399.432,-229.267
398.432,-229.267
398.432,-230.267
396.432,-230.267
396.432,-231.267
395.432,-231.267
395.432,-232.267
394.432,-232.267
394.432,-233.267
393.432,-233.267
393.432,-234.267
392.432,-234.267
392.432,-235.267
390.432,-235.267
390.432,-236.267
389.432,-236.267
389.432,-237.267
388.432,-237.267
388.432,-238.267
387.432,-238.267
387.432,-239.267
386.432,-239.267
386.432,-240.267
384.432,-240.267
384.432,-241.267
383.432,-241.267
383.432,-242.267
382.432,-242.267
382.432,-243.267
381.432,-243.267
381.432,-244.267
379.432,-244.267
379.432,-245.267
378.432,-245.267
378.432,-246.267
377.432,-246.267
377.432,-247.267
376.432,-247.267
376.432,-248.267
374.432,-248.267
374.432,-249.267
373.432,-249.267
373.432,-250.267
372.432,-250.267
372.432,-251.267
371.432,-251.267
371.432,-252.267
369.432,-252.267
369.432,-253.267
368.432,-253.267
368.432,-254.267
367.432,-254.267
367.432,-255.267
365.432,-255.267
365.432,-256.267
364.432,-256.267
364.432,-257.267
363.432,-257.267
363.432,-258.267
361.432,-258.267
361.432,-259.267
360.432,-259.267
360.432,-260.267
359.432,-260.267
359.432,-261.267
358.432,-261.267
358.432,-262.267
356.432,-262.267
356.432,-263.267
355.432,-263.267
355.432,-264.267
354.432,-264.267
354.432,-265.267
352.432,-265.267
352.432,-266.267
351.432,-266.267
351.432,-267.267
350.432,-267.267
350.432,-268.267
348.432,-268.267
348.432,-269.267
347.432,-269.267
347.432,-270.267
345.432,-270.267
345.432,-271.267
344.432,-271.267
344.432,-272.267
343.432,-272.267
343.432,-273.267
341.432,-273.267
341.432,-274.267
340.432,-274.267
340.432,-275.267
339.432,-275.267
339.432,-276.267
337.432,-276.267
337.432,-277.267
336.432,-277.267
336.432,-278.267
334.432,-278.267
334.432,-279.267
333.432,-279.267
333.432,-280.267
331.432,-280.267
331.432,-281.267
330.432,-281.267
330.432,-282.267
329.432,-282.267
329.432,-283.267
327.432,-283.267
327.432,-284.267
326.432,-284.267
326.432,-285.267
324.432,-285.267
324.432,-286.267
323.432,-286.267
323.432,-287.267
321.432,-287.267
321.432,-288.267
320.432,-288.267
320.432,-289.267
318.432,-289.267
318.432,-290.267
317.432,-290.267
317.432,-291.267
315.432,-291.267
315.432,-292.267
314.432,-292.267
314.432,-293.267
312.432,-293.267
312.432,-294.267
311.432,-294.267
311.432,-295.267
309.432,-295.267
309.432,-296.267
308.432,-296.267
308.432,-297.267
306.432,-297.267
306.432,-298.267
305.432,-298.267
305.432,-299.267
303.432,-299.267
303.432,-300.267
302.432,-300.267
302.432,-301.267
300.432,-301.267
300.432,-302.267
299.432,-302.267
299.432,-303.267
297.432,-303.267
297.432,-304.267
295.432,-304.267
295.432,-305.267
294.432,-305.267
294.432,-306.267
292.432,-306.267
292.432,-307.267
290.432,-307.267
290.432,-308.267
289.432,-308.267
289.432,-309.267
287.432,-309.267
287.432,-310.267
285.432,-310.267
285.432,-311.267
284.432,-311.267
284.432,-312.267
282.432,-312.267
282.432,-313.267
280.432,-313.267
280.432,-314.267
279.432,-314.267
279.432,-315.267
277.432,-315.267
277.432,-316.267
275.432,-316.267
275.432,-317.267
273.432,-317.267
273.432,-318.267
272.432,-318.267
272.432,-319.267
270.432,-319.267
270.432,-320.267
268.432,-320.267
268.432,-321.267
266.432,-321.267
266.432,-322.267
265.432,-322.267
265.432,-323.267
263.432,-323.267
263.432,-324.267
261.432,-324.267
261.432,-325.267
259.432,-325.267
259.432,-326.267
257.432,-326.267
257.432,-327.267
255.432,-327.267
255.432,-328.267
253.432,-328.267
253.432,-329.267
252.432,-329.267
252.432,-330.267
250.432,-330.267
250.432,-331.267
248.432,-331.267
248.432,-332.267
246.432,-332.267
246.432,-333.267
244.432,-333.267
244.432,-334.267
242.432,-334.267
242.432,-335.267
240.432,-335.267
240.432,-336.267
238.432,-336.267
238.432,-337.267
236.432,-337.267
236.432,-338.267
234.432,-338.267
234.432,-339.267
232.432,-339.267
232.432,-340.267
229.432,-340.267
229.432,-341.267
227.432,-341.267
227.432,-342.267
225.432,-342.267
225.432,-343.267
223.432,-343.267
223.432,-344.267
221.432,-344.267
221.432,-345.267
218.432,-345.267
218.432,-346.267
216.432,-346.267
216.432,-347.267
214.432,-347.267
214.432,-348.267
212.432,-348.267
212.432,-349.267
209.432,-349.267
209.432,-350.267
207.432,-350.267
207.432,-351.267
204.432,-351.267
204.432,-352.267
202.432,-352.267
202.432,-353.267
200.432,-353.267
200.432,-354.267
197.432,-354.267
197.432,-355.267
194.432,-355.267
194.432,-356.267
192.432,-356.267
192.432,-357.267
189.432,-357.267
189.432,-358.267
187.432,-358.267
187.432,-359.267
184.432,-359.267
184.432,-360.267
181.432,-360.267
181.432,-361.267
178.432,-361.267
178.432,-362.267
175.432,-362.267
175.432,-363.267
172.432,-363.267
172.432,-364.267
169.432,-364.267
169.432,-365.267
167.432,-365.267
167.432,-366.267
163.432,-366.267
163.432,-367.267
160.432,-367.267
160.432,-368.267
157.432,-368.267
157.432,-369.267
154.432,-369.267
154.432,-370.267
150.432,-370.267
150.432,-371.267
147.432,-371.267
147.432,-372.267
143.432,-372.267
143.432,-373.267
140.432,-373.267
140.432,-374.267
136.432,-374.267
136.432,-375.267
132.432,-375.267
132.432,-376.267
128.432,-376.267
128.432,-377.267
123.432,-377.267
123.432,-378.267
119.432,-378.267
119.432,-379.267
115.432,-379.267
115.432,-380.267
110.432,-380.267
110.432,-381.267
105.432,-381.267
105.432,-382.267
100.432,-382.267
100.432,-383.267
94.432,-383.267
94.432,-384.267
88.432,-384.267
88.432,-385.267
82.432,-385.267
82.432,-386.267
75.432,-386.267
75.432,-387.267
67.432,-387.267
67.432,-388.267
59.432,-388.267
59.432,-389.267
50.432,-389.267
50.432,-390.267
39.432,-390.267
39.432,-391.267
24.432,-391.267
24.432,-392.267
4.432,-392.267
4.432,-393.267
-56.568,-393.267
-56.568,-392.267
-71.568,-392.267
-71.568,-391.267
-82.568,-391.267
-82.568,-390.267
-91.568,-390.267
-91.568,-389.267
-99.568,-389.267
-99.568,-388.267
-106.568,-388.267
-106.568,-387.267
-113.568,-387.267
-113.568,-386.267
-119.568,-386.267
-119.568,-385.267
-125.568,-385.267
-125.568,-384.267
-130.568,-384.267
-130.568,-383.267
-136.568,-383.267
-136.568,-382.267
-141.568,-382.267
-141.568,-381.267
-146.568,-381.267
-146.568,-380.267
-151.568,-380.267
-151.568,-379.267
-155.568,-379.267
-155.568,-378.267
-159.568,-378.267
-159.568,-377.267
-164.568,-377.267
-164.568,-376.267
-168.568,-376.267
-168.568,-375.267
-172.568,-375.267
-172.568,-374.267
-176.568,-374.267
-176.568,-373.267
-180.568,-373.267
-180.568,-372.267
-184.568,-372.267
-184.568,-371.267
-188.568,-371.267
-188.568,-370.267
-192.568,-370.267
-192.568,-369.267
-195.568,-369.267
-195.568,-368.267
-199.568,-368.267
-199.568,-367.267
-202.568,-367.267
-202.568,-366.267
-206.568,-366.267
-206.568,-365.267
-209.568,-365.267
-209.568,-364.267
-213.568,-364.267
-213.568,-363.267
-216.568,-363.267
-216.568,-362.267
-219.568,-362.267
-219.568,-361.267
-223.568,-361.267
-223.568,-360.267
-226.568,-360.267
-226.568,-359.267
-229.568,-359.267
-229.568,-358.267
-232.568,-358.267
-232.568,-357.267
-236.568,-357.267
-236.568,-356.267
-239.568,-356.267
-239.568,-355.267
-242.568,-355.267
-242.568,-354.267
-245.568,-354.267
-245.568,-353.267
-248.568,-353.267
-248.568,-352.267
-250.568,-352.267
-250.568,-351.267
-253.568,-351.267
-253.568,-350.267
-256.568,-350.267
-256.568,-349.267
-259.568,-349.267
-259.568,-348.267
-262.568,-348.267
-262.568,-347.267
-265.568,-347.267
-265.568,-346.267
-268.568,-346.267
-268.568,-345.267
-270.568,-345.267
-270.568,-344.267
-273.568,-344.267
-273.568,-343.267
-276.568,-343.267
-276.568,-342.267
-279.568,-342.267
-279.568,-341.267
-281.568,-341.267
-281.568,-340.267
-284.568,-340.267
-284.568,-339.267
-287.568,-339.267
-287.568,-338.267
-289.568,-338.267
-289.568,-337.267
-292.568,-337.267
-292.568,-336.267
-294.568,-336.267
-294.568,-335.267
-297.568,-335.267
-297.568,-334.267
-300.568,-334.267
-300.568,-333.267
-302.568,-333.267
-302.568,-332.267
-305.568,-332.267
-305.568,-331.267
-307.568,-331.267
-307.568,-330.267
-310.568,-330.267
-310.568,-329.267
-312.568,-329.267
-312.568,-328.267
-315.568,-328.267
-315.568,-327.267
-317.568,-327.267
-317.568,-326.267
-320.568,-326.267
-320.568,-325.267
-322.568,-325.267
-322.568,-324.267
-324.568,-324.267
-324.568,-323.267
-327.568,-323.267
-327.568,-322.267
-329.568,-322.267
-329.568,-321.267
-331.568,-321.267
-331.568,-320.267
-334.568,-320.267
-334.568,-319.267
-336.568,-319.267
-336.568,-318.267
-339.568,-318.267
-339.568,-317.267
-341.568,-317.267
-341.568,-316.267
-343.568,-316.267
-343.568,-315.267
-345.568,-315.267
-345.568,-314.267
-348.568,-314.267
-348.568,-313.267
-350.568,-313.267
-350.568,-312.267
-352.568,-312.267
-352.568,-311.267
-354.568,-311.267
-354.568,-310.267
-357.568,-310.267
-357.568,-309.267
-359.568,-309.267
-359.568,-308.267
-361.568,-308.267
-361.568,-307.267
-363.568,-307.267
-363.568,-306.267
-366.568,-306.267
-366.568,-305.267
-368.568,-305.267
-368.568,-304.267
-370.568,-304.267
-370.568,-303.267
-372.568,-303.267
-372.568,-302.267
-374.568,-302.267
-374.568,-301.267
-376.568,-301.267
-376.568,-300.267
-379.568,-300.267
-379.568,-299.267
-381.568,-299.267
-381.568,-298.267
-383.568,-298.267
-383.568,-297.267
-385.568,-297.267
-385.568,-296.267
-387.568,-296.267
-387.568,-295.267
-389.568,-295.267
-389.568,-294.267
-391.568,-294.267
-391.568,-293.267
-393.568,-293.267
-393.568,-292.267
-395.568,-292.267
-395.568,-291.267
-397.568,-291.267
-397.568,-290.267
-399.568,-290.267
-399.568,-289.267
-402.568,-289.267
-402.568,-288.267
-404.568,-288.267
-404.568,-287.267
-406.568,-287.267
-406.568,-286.267
-408.568,-286.267
-408.568,-285.267
-410.568,-285.267
-410.568,-284.267
-412.568,-284.267
-412.568,-283.267
-414.568,-283.267
-414.568,-282.267
-416.568,-282.267
-416.568,-281.267
-418.568,-281.267
-418.568,-280.267
-420.568,-280.267
-420.568,-279.267
-422.568,-279.267
-422.568,-278.267
-424.568,-278.267
-424.568,-277.267
-426.568,-277.267
-426.568,-276.267
-428.568,-276.267
-428.568,-275.267
-429.568,-275.267
-429.568,-274.267
-431.568,-274.267
-431.568,-273.267
-433.568,-273.267
-433.568,-272.267
-435.568,-272.267
-435.568,-271.267
-437.568,-271.267
-437.568,-270.267
-439.568,-270.267
-439.568,-269.267
-441.568,-269.267
-441.568,-268.267
-443.568,-268.267
-443.568,-267.267
-445.568,-267.267
-445.568,-266.267
-447.568,-266.267
-447.568,-265.267
-449.568,-265.267
-449.568,-264.267
-450.568,-264.267
-450.568,-263.267
-452.568,-263.267
-452.568,-262.267
-454.568,-262.267
-454.568,-261.267
-456.568,-261.267
-456.568,-260.267
-458.568,-260.267
-458.568,-259.267
-460.568,-259.267
-460.568,-258.267
-462.568,-258.267
-462.568,-257.267
-463.568,-257.267
-463.568,-256.267
-465.568,-256.267
-465.568,-255.267
-467.568,-255.267
-467.568,-254.267
-468.568,-254.267
-468.568,-256.267
-467.568,-256.267
-467.568,-259.267
-466.568,-259.267
-466.568,-261.267
-465.568,-261.267
-465.568,-263.267
-464.568,-263.267
-464.568,-266.267
-463.568,-266.267
-463.568,-268.267
-462.568,-268.267
-462.568,-270.267
-461.568,-270.267
-461.568,-272.267
-460.568,-272.267
-460.568,-275.267
-459.568,-275.267
-459.568,-277.267
-458.568,-277.267
-458.568,-279.267
-457.568,-279.267
-457.568,-281.267
-456.568,-281.267
-456.568,-283.267
-455.568,-283.267
-455.568,-285.267
-454.568,-285.267
-454.568,-287.267
-453.568,-287.267
-453.568,-289.267
-452.568,-289.267
-452.568,-291.267
-451.568,-291.267
-451.568,-293.267
-450.568,-293.267
-450.568,-294.267
-449.568,-294.267
-449.568,-296.267
-448.568,-296.267
-448.568,-298.267
-447.568,-298.267
-447.568,-300.267
-446.568,-300.267
-446.568,-302.267
-445.568,-302.267
-445.568,-303.267
-444.568,-303.267
-444.568,-305.267
-443.568,-305.267
-443.568,-307.267
-442.568,-307.267
-442.568,-309.267
-441.568,-309.267
-441.568,-310.267
-440.568,-310.267
-440.568,-312.267
-439.568,-312.267
-439.568,-313.267
-438.568,-313.267
-438.568,-315.267
-437.568,-315.267
-437.568,-317.267
-436.568,-317.267
-436.568,-318.267
-435.568,-318.267
-435.568,-320.267
-434.568,-320.267
-434.568,-321.267
-433.568,-321.267
-433.568,-323.267
-432.568,-323.267
-432.568,-324.267
-431.568,-324.267
-431.568,-326.267
-430.568,-326.267
-430.568,-327.267
-429.568,-327.267
-429.568,-328.267
-428.568,-328.267
-428.568,-330.267
-427.568,-330.267
-427.568,-331.267
-426.568,-331.267
-426.568,-332.267
-425.568,-332.267
-425.568,-334.267
-424.568,-334.267
-424.568,-335.267
-423.568,-335.267
-423.568,-336.267
-422.568,-336.267
-422.568,-337.267
-421.568,-337.267
-421.568,-339.267
-420.568,-339.267
-420.568,-340.267
-419.568,-340.267
-419.568,-341.267
-418.568,-341.267
-418.568,-342.267
-417.568,-342.267
-417.568,-343.267
-416.568,-343.267
-416.568,-344.267
-415.568,-344.267
-415.568,-345.267
-414.568,-345.267
-414.568,-346.267
-413.568,-346.267
-413.568,-347.267
-412.568,-347.267
-412.568,-348.267
-411.568,-348.267
-411.568,-349.267
-410.568,-349.267
-410.568,-350.267
-409.568,-350.267
-409.568,-351.267
-408.568,-351.267
-408.568,-352.267
-407.568,-352.267
-407.568,-353.267
-406.568,-353.267
-406.568,-354.267
-404.568,-354.267
-404.568,-355.267
-403.568,-355.267
-403.568,-356.267
-401.568,-356.267
-401.568,-357.267
-399.568,-357.267
-399.568,-358.267
-397.568,-358.267
-397.568,-359.267
-395.568,-359.267
-395.568,-360.267
-393.568,-360.267
-393.568,-361.267
-391.568,-361.267
-391.568,-362.267
-389.568,-362.267
-389.568,-363.267
-388.568,-363.267
-388.568,-364.267
-386.568,-364.267
-386.568,-365.267
-384.568,-365.267
-384.568,-366.267
-382.568,-366.267
-382.568,-367.267
-380.568,-367.267
-380.568,-368.267
-378.568,-368.267
-378.568,-369.267
-376.568,-369.267
-376.568,-370.267
-374.568,-370.267
-374.568,-371.267
-372.568,-371.267
-372.568,-372.267
-370.568,-372.267
-370.568,-373.267
-368.568,-373.267
-368.568,-374.267
-366.568,-374.267
-366.568,-375.267
-365.568,-375.267
-365.568,-376.267
-363.568,-376.267
-363.568,-377.267
-361.568,-377.267
-361.568,-378.267
-359.568,-378.267
-359.568,-379.267
-357.568,-379.267
-357.568,-380.267
-355.568,-380.267
-355.568,-381.267
-353.568,-381.267
-353.568,-382.267
-351.568,-382.267
-351.568,-383.267
-348.568,-383.267
-348.568,-384.267
-346.568,-384.267
-346.568,-385.267
-344.568,-385.267
-344.568,-386.267
-342.568,-386.267
-342.568,-387.267
-340.568,-387.267
-340.568,-388.267
-338.568,-388.267
-338.568,-389.267
-336.568,-389.267
-336.568,-390.267
-334.568,-390.267
-334.568,-391.267
-332.568,-391.267
-332.568,-392.267
-330.568,-392.267
-330.568,-393.267
-327.568,-393.267
-327.568,-394.267
-325.568,-394.267
-325.568,-395.267
-323.568,-395.267
-323.568,-396.267
-321.568,-396.267
-321.568,-397.267
-318.568,-397.267
-318.568,-398.267
-316.568,-398.267
-316.568,-399.267
-314.568,-399.267
-314.568,-400.267
-312.568,-400.267
-312.568,-401.267
-309.568,-401.267
-309.568,-402.267
-307.568,-402.267
-307.568,-403.267
-304.568,-403.267
-304.568,-404.267
-302.568,-404.267
-302.568,-405.267
-299.568,-405.267
-299.568,-406.267
-297.568,-406.267
-297.568,-407.267
-294.568,-407.267
-294.568,-408.267
-292.568,-408.267
-292.568,-409.267
-289.568,-409.267
-289.568,-410.267
-286.568,-410.267
-286.568,-411.267
-284.568,-411.267
-284.568,-412.267
-281.568,-412.267
-281.568,-413.267
-278.568,-413.267
-278.568,-414.267
-275.568,-414.267
-275.568,-415.267
-272.568,-415.267
-272.568,-416.267
-269.568,-416.267
-269.568,-417.267
-266.568,-417.267
-266.568,-418.267
-263.568,-418.267
-263.568,-419.267
-260.568,-419.267
-260.568,-420.267
-257.568,-420.267
-257.568,-421.267
-253.568,-421.267
-253.568,-422.267
-250.568,-422.267
-250.568,-423.267
-246.568,-423.267
-246.568,-424.267
-242.568,-424.267
-242.568,-425.267
-239.568,-425.267
-239.568,-426.267
-235.568,-426.267
-235.568,-427.267
-231.568,-427.267
-231.568,-428.267
-226.568,-428.267
-226.568,-429.267
-222.568,-429.267
-222.568,-430.267
-217.568,-430.267
-217.568,-431.267
-213.568,-431.267
-213.568,-432.267
-208.568,-432.267
-208.568,-433.267
-203.568,-433.267
-203.568,-434.267
-197.568,-434.267
-197.568,-435.267
-191.568,-435.267
-191.568,-436.267
-185.568,-436.267
-185.568,-437.267
-178.568,-437.267
-178.568,-438.267
-171.568,-438.267
-171.568,-439.267
-163.568,-439.267
-163.568,-440.267
-154.568,-440.267
-154.568,-441.267
-144.568,-441.267
-144.568,-442.267
-132.568,-442.267
-132.568,-443.267
-118.568,-443.267
-118.568,-444.267
-101.568,-444.267
-101.568,-445.267
-73.568,-445.267
-73.568,-446.267
-2.568,-446.267
-2.568,-445.267
20.432,-445.267
20.432,-444.267
35.432,-444.267
35.432,-443.267
48.432,-443.267
48.432,-442.267
59.432,-442.267
59.432,-441.267
69.432,-441.267
69.432,-440.267
77.432,-440.267
77.432,-439.267
85.432,-439.267
85.432,-438.267
93.432,-438.267
93.432,-437.267
100.432,-437.267
100.432,-436.267
107.432,-436.267
107.432,-435.267
113.432,-435.267
113.432,-434.267
119.432,-434.267
119.432,-433.267
125.432,-433.267
125.432,-432.267
131.432,-432.267
131.432,-431.267
136.432,-431.267
136.432,-430.267
141.432,-430.267
141.432,-429.267
146.432,-429.267
146.432,-428.267
151.432,-428.267
151.432,-427.267
156.432,-427.267
156.432,-426.267
160.432,-426.267
160.432,-425.267
165.432,-425.267
165.432,-424.267
169.432,-424.267
169.432,-423.267
173.432,-423.267
173.432,-422.267
177.432,-422.267
177.432,-421.267
181.432,-421.267
181.432,-420.267
185.432,-420.267
185.432,-419.267
189.432,-419.267
189.432,-418.267
193.432,-418.267
193.432,-417.267
197.432,-417.267
197.432,-416.267
200.432,-416.267
200.432,-415.267
204.432,-415.267
204.432,-414.267
207.432,-414.267
207.432,-413.267
211.432,-413.267
211.432,-412.267
214.432,-412.267
214.432,-411.267
218.432,-411.267
218.432,-410.267
221.432,-410.267
221.432,-409.267
224.432,-409.267
224.432,-408.267
227.432,-408.267
227.432,-407.267
230.432,-407.267
230.432,-406.267
233.432,-406.267
233.432,-405.267
236.432,-405.267
236.432,-404.267
239.432,-404.267
239.432,-403.267
242.432,-403.267
242.432,-402.267
245.432,-402.267
245.432,-401.267
248.432,-401.267
248.432,-400.267
251.432,-400.267
251.432,-399.267
253.432,-399.267
253.432,-398.267
256.432,-398.267
256.432,-397.267
259.432,-397.267
259.432,-396.267
262.432,-396.267
262.432,-395.267
264.432,-395.267
264.432,-394.267
267.432,-394.267
